") for {0}","{0} üçün )"
"A {0} exists between {1} and {2} (","{1} və {2} arasında {0} mövcuddur ("
"Absent","Qayıb"
"Accrual Journal Entry for salaries from {0} to {1}","{0} - {1} tarixləri arası maaşlar üçün Hesablama Jurnalı Qeydi"
"Add to Details","Detallara əlavə et"
"Added to details","Detallara əlavə edildi"
"All Jobs","Bütün Vakansiyalar"
"Allocated Leaves","Təyin edilmiş Məzuniyyətlər"
"Annual Salary","İllik Əmək Haqqı"
"Application period cannot be across two allocation records","Müraciət dövrü iki təyinat qeydi arasında ola bilməz"
"Application period cannot be outside leave allocation period","Müraciət dövrü məzuniyyət təyinatı dövründən kənar ola bilməz"
"Apply Now","İndi Müraciət Et"
"Apprentice","Şagird"
"Approval Status","Təsdiq Statusu"
"Approval Status must be 'Approved' or 'Rejected'","Təsdiq Statusu 'Təsdiqləndi' və ya 'İmtina edildi' olmalıdır"
"As per your assigned Salary Structure you cannot apply for benefits","Təyin olunmuş Əmək Haqqı Strukturunuza əsasən, siz müavinətlər üçün müraciət edə bilməzsiniz"
"Assign","Təyin et"
"Assign Salary Structure","Əmək Haqqı Strukturu Təyin Et"
"Assign to Employees","İşçilərə Təyin Et"
"Assigning Structures...","Strukturlar təyin edilir..."
"Attendance","Davamiyyət"
"Attendance From Date and Attendance To Date is mandatory","Davamiyyət Başlanğıc Tarixi və Bitiş Tarixi məcburidir"
"Attendance for employee {0} is already marked for this day","{0} adlı işçi üçün bu günə davamiyyət artıq qeyd edilib"
"Attendance not submitted for {0} as it is a Holiday.","{0} üçün davamiyyət təqdim edilmədi, çünki bu gün Tətildir."
"Bank Entries","Bank Qeydləri"
"Base","Baza"
"Beginner","Yeni başlayan"
"Birthday Reminder","Ad Günü Xatırlatması"
"Bonus Payment Date cannot be a past date","Bonus Ödəniş Tarixi keçmiş tarix ola bilməz"
"Calls","Zənglər"
"Cannot find active Leave Period","Aktiv Məzuniyyət Dövrü tapılmadı"
"Casual Leave","Gündəlik Məzuniyyət"
"Claimed Amount","Tələb Edilən Məbləğ"
"Compensatory Off","Əvəzçilik İstirahəti"
"Contact Number","Əlaqə Nömrəsi"
"Course","Kurs"
"Create Disbursement Entry","Ödəniş Qeydi Yarat"
"Create Salary Slip","Əmək Haqqı Qəbzi Yarat"
"Create Salary Slips","Əmək Haqqı Qəbzləri Yarat"
"Creating Payment Entries......","Ödəniş Qeydləri yaradılır......"
"Creating Salary Slips...","Əmək Haqqı Qəbzləri yaradılır..."
"Current","Cari"
"Current Job Openings","Cari Vakansiyalar"
"Daily Work Summary","Gündəlik İş Xülasəsi"
"Daily Work Summary Group","Gündəlik İş Xülasəsi Qrupu"
"Date is repeated","Tarix təkrarlanır"
"Debit A/C Number","Debet Hesab Nömrəsi"
"Deduction","Tutulma"
"Document Status","Sənəd Statusu"
"Earning","Qazanc"
"Employee A/C Number","İşçi Hesab Nömrəsi"
"Employee Benefits","İşçi Müavinətləri"
"Employee Grade","İşçi Dərəcəsi"
"Employee Referral","İşçinin müraciəti"
"Employee relieved on {0} must be set as 'Left'","{0} tarixində işdən azad olunan işçi 'Tərk etmiş' kimi qeyd edilməlidir"
"Employee {0} already submited an apllication {1} for the payroll period {2}","İşçi {0} maaş dövrü {2} üçün artıq {1} müraciətini təqdim edib"
"Employee {0} has no maximum benefit amount","İşçi {0} üçün maksimum müavinət məbləği yoxdur"
"Employee {0} is not active or does not exist","İşçi {0} aktiv deyil və ya mövcud deyil"
"Employee {0} is on Leave on {1}","İşçi {0}, {1} tarixində Məzuniyyətdədir"
"Employee {0} on Half day on {1}","İşçi {0}, {1} tarixində Yarım gün işləyir"
"End time cannot be before start time","Bitmə vaxtı başlama vaxtından əvvəl ola bilməz"
"Evaluation","Qiymətləndirmə"
"Event Location","Tədbir Məkanı"
"Event Name","Tədbir Adı"
"Expense Claim for Vehicle Log {0}","{0} Nəqliyyat Jurnalı üçün Xərc Tələbi"
"Expense Claim {0} already exists for the Vehicle Log","Nəqliyyat Jurnalı üçün {0} Xərc Tələbi artıq mövcuddur"
"Fill the form and save it","Formu doldurun və yadda saxlayın"
"Filter Employees By (Optional)","İşçiləri Filtrlə (Könüllü)"
"Fiscal Year {0} not found","Maliyyə İli {0} tapılmadı"
"Food","Qida"
"For Employee","İşçi Üçün"
"From Date {0} cannot be after employee's relieving Date {1}","Başlanğıc Tarixi {0} işçinin işdən çıxma Tarixindən {1} sonra ola bilməz"
"From Date {0} cannot be before employee's joining Date {1}","Başlanğıc Tarixi {0} işçinin işə qəbul Tarixindən {1} əvvəl ola bilməz"
"From date can not be less than employee's joining date","Başlanğıc tarixi işçinin işə qəbul tarixindən az ola bilməz"
"Fuel Price","Yanacaq Qiyməti"
"Fuel Qty","Yanacaq Miqdarı"
"Full-time","Tam ştat"
"Future dates not allowed","Gələcək tarixlərə icazə verilmir"
"Get Details From Declaration","Bəyannamədən Detalları Gətir"
"Get Employees","İşçiləri Gətir"
"Gross Pay","Ümumi Ödəniş"
"Guest","Qonaq"
"Half Day","Yarım Gün"
"Half Day Date is mandatory","Yarım Gün Tarixi məcburidir"
"Half Day Date should be between From Date and To Date","Yarım Gün Tarixi Başlanğıc Tarixi və Bitiş Tarixi arasında olmalıdır"
"Half Day Date should be in between Work From Date and Work End Date","Yarım Gün Tarixi İş Başlama Tarixi və İş Bitmə Tarixi arasında olmalıdır"
"Half day date should be in between from date and to date","Yarım gün tarixi başlanğıc tarixi və bitiş tarixi arasında olmalıdır"
"Hello","Salam"
"House rent paid days overlapping with {0}","Ev kirayəsi ödənilən günlər {0} ilə üst-üstə düşür"
"House rented dates required for exemption calculation","Azadolma hesablaması üçün evin kirayə tarixləri tələb olunur"
"House rented dates should be atleast 15 days apart","Evin kirayə tarixləri arasında ən azı 15 gün fərq olmalıdır"
"Interest Amount","Faiz Məbləği"
"Intern","Təcrübəçi"
"Job Description","Vəzifə Təlimatı"
"Job Offer","İş Təklifi"
"Jobs","Vakansiyalar"
"Leave Approval Notification","Məzuniyyət Təsdiq Bildirişi"
"Leave Blocked","Məzuniyyət Bloklandı"
"Leave Encashment","Məzuniyyət Kompensasiyası"
"Leave Status Notification","Məzuniyyət Statusu Bildirişi"
"Leave Type","Məzuniyyət Növü"
"Leave Type is madatory","Məzuniyyət Növü məcburidir"
"Leave Type {0} cannot be allocated since it is leave without pay","{0} Məzuniyyət Növü təyin edilə bilməz, çünki bu ödənişsiz məzuniyyətdir"
"Leave Type {0} cannot be carry-forwarded","{0} Məzuniyyət Növü növbəti dövrə keçirilə bilməz"
"Leave Type {0} is not encashable","{0} Məzuniyyət Növü kompensasiya edilə bilməz"
"Leave Without Pay","Ödənişsiz Məzuniyyət"
"Leave cannot be allocated before {0}, as leave balance has already been carry-forwarded in the future leave allocation record {1}","Məzuniyyət {0} tarixindən əvvəl təyin edilə bilməz, çünki məzuniyyət balansı artıq gələcək məzuniyyət təyinatı qeydində {1} növbəti dövrə keçirilib"
"Leave cannot be applied/cancelled before {0}, as leave balance has already been carry-forwarded in the future leave allocation record {1}","Məzuniyyət {0} tarixindən əvvəl tətbiq edilə/ləğv edilə bilməz, çünki məzuniyyət balansı artıq gələcək məzuniyyət təyinatı qeydində {1} növbəti dövrə keçirilib"
"Leave of type {0} cannot be longer than {1}","{0} növündə məzuniyyət {1}-dən uzun ola bilməz"
"Leaves","Məzuniyyətlər"
"Leaves Allocated Successfully for {0}","{0} üçün Məzuniyyətlər Uğurla Təyin Edildi"
"Leaves per Year","İllik Məzuniyyətlər"
"Lifecycle","Həyat Dövrü"
"Mark Attendance","Davamiyyəti Qeyd Et"
"Max Exemption Amount cannot be greater than maximum exemption amount {0} of Tax Exemption Category {1}","Maksimum Azadolma Məbləği {1} Vergi Azadolma Kateqoriyasının maksimum azadolma məbləğindən {0} böyük ola bilməz"
"Max benefits should be greater than zero to dispense benefits","Müavinətlərin verilməsi üçün maksimum müavinətlər sıfırdan böyük olmalıdır"
"Maximum amount eligible for the component {0} exceeds {1}","{0} komponenti üçün uyğun olan maksimum məbləğ {1}-i keçir"
"Maximum benefit amount of component {0} exceeds {1}","{0} komponentinin maksimum müavinət məbləği {1}-i keçir"
"Maximum benefit amount of employee {0} exceeds {1}","{0} işçisinin maksimum müavinət məbləği {1}-i keçir"
"Maximum leave allowed in the leave type {0} is {1}","{0} məzuniyyət növündə icazə verilən maksimum məzuniyyət {1}-dir"
"Medical","Tibbi"
"Mode of payment is required to make a payment","Ödəniş etmək üçün ödəniş üsulu tələb olunur"
"More than one selection for {0} not allowed","{0} üçün birdən çox seçimə icazə verilmir"
"Net Pay","Net Ödəniş"
"Net Pay cannot be less than 0","Net Ödəniş 0-dan az ola bilməz"
"Net Salary Amount","Net Əmək Haqqı Məbləği"
"Net pay cannot be negative","Net ödəniş mənfi ola bilməz"
"No Employee Found","İşçi Tapılmadı"
"No Salary Structure assigned for Employee {0} on given date {1}","Verilən {1} tarixində İşçi {0} üçün heç bir Əmək Haqqı Strukturu təyin edilməyib"
"No Staffing Plans found for this Designation","Bu Vəzifə üçün Ştat Planı tapılmadı"
"No active or default Salary Structure found for employee {0} for the given dates","Verilən tarixlər üçün işçi {0} üçün aktiv və ya standart Əmək Haqqı Strukturu tapılmadı"
"No more updates","Başqa yeniləmə yoxdur"
"No replies from","Cavab yoxdur"
"No salary slip found to submit for the above selected criteria OR salary slip already submitted","Yuxarıda seçilmiş meyarlar üçün təqdim ediləcək əmək haqqı qəbzi tapılmadı VƏ YA əmək haqqı qəbzi artıq təqdim edilib"
"Nothing to change","Dəyişdiriləcək heç nə yoxdur"
"Notice Period","Xəbərdarlıq Müddəti"
"Only Leave Applications with status 'Approved' and 'Rejected' can be submitted","Yalnız 'Təsdiqləndi' və 'İmtina edildi' statuslu Məzuniyyət Müraciətləri təqdim edilə bilər"
"Optional Holiday List not set for leave period {0}","{0} məzuniyyət dövrü üçün Könüllü Tətil Siyahısı təyin edilməyib"
"Part-time","Yarım ştat"
"Password policy for Salary Slips is not set","Əmək Haqqı Qəbzləri üçün şifrə siyasəti təyin edilməyib"
"Payment Days","Ödəniş Günləri"
"Payment of {0} from {1} to {2}","{1}-dən {2}-ə qədər {0} ödənişi"
"Payroll","Əmək Haqqı"
"Payroll Number","Əmək Haqqı Nömrəsi"
"Piecework","İşəmuzd"
"Please add the remaining benefits {0} to any of the existing component","Zəhmət olmasa qalan {0} müavinətlərini mövcud komponentlərdən hər hansı birinə əlavə edin"
"Please confirm once you have completed your training","Təliminizi tamamladıqdan sonra təsdiqləyin"
"Please enable default incoming account before creating Daily Work Summary Group","Zəhmət olmasa Gündəlik İş Xülasəsi Qrupu yaratmazdan əvvəl standart gəlir hesabını aktivləşdirin"
"Please select Company and Designation","Zəhmət olmasa Şirkət və Vəzifə seçin"
"Please select Employee","Zəhmət olmasa İşçi seçin"
"Please select a csv file","Zəhmət olmasa bir csv faylı seçin"
"Please set default template for Leave Approval Notification in HR Settings.","Zəhmət olmasa HR Parametrlərində Məzuniyyət Təsdiq Bildirişi üçün standart şablon təyin edin."
"Please set default template for Leave Status Notification in HR Settings.","Zəhmət olmasa HR Parametrlərində Məzuniyyət Statusu Bildirişi üçün standart şablon təyin edin."
"Please set the Company","Zəhmət olmasa Şirkəti təyin edin"
"Please set the Date Of Joining for employee {0}","Zəhmət olmasa işçi {0} üçün İşə Qəbul Tarixini təyin edin"
"Please share your feedback to the training by clicking on 'Training Feedback' and then 'New'","Zəhmət olmasa 'Təlim Rəyi'nə və sonra 'Yeni'yə klikləyərək təlim haqqında rəyinizi bildirin"
"Please update your status for this training event","Zəhmət olmasa bu təlim tədbiri üçün statusunuzu yeniləyin"
"Present","İştirak edir"
"Preview Salary Slip","Əmək Haqqı Qəbzinə Baxış"
"Privilege Leave","İmtiyazlı Məzuniyyət"
"Probation","Sınaq Müddəti"
"Probationary Period","Sınaq Müddəti"
"Property","Xüsusiyyət"
"Property already added","Xüsusiyyət artıq əlavə edilib"
"Replies","Cavablar"
"Responsibilities","Vəzifələr"
"Role","Rol"
"Row {0}# Allocated amount {1} cannot be greater than unclaimed amount {2}","Sətir {0}# Təyin edilmiş məbləğ {1} tələb olunmamış məbləğdən {2} böyük ola bilməz"
"Row {0}# Paid Amount cannot be greater than requested advance amount","Sətir {0}# Ödənilən Məbləğ tələb olunan avans məbləğindən böyük ola bilməz"
"Salary Slip ID","Əmək Haqqı Qəbzi ID"
"Salary Slip of employee {0} already created for this period","İşçi {0} üçün bu dövrə aid Əmək Haqqı Qəbzi artıq yaradılıb"
"Salary Slip of employee {0} already created for time sheet {1}","İşçi {0} üçün vaxt cədvəli {1} üzrə Əmək Haqqı Qəbzi artıq yaradılıb"
"Salary Structure Assignment for Employee already exists","İşçi üçün Əmək Haqqı Strukturu Təyinatı artıq mövcuddur"
"Salary Structure Missing","Əmək Haqqı Strukturu Çatışmır"
"Salary Structure not found for employee {0} and date {1}","İşçi {0} və tarix {1} üçün Əmək Haqqı Strukturu tapılmadı"
"Salary Structure should have flexible benefit component(s) to dispense benefit amount","Müavinət məbləğini vermək üçün Əmək Haqqı Strukturunda çevik müavinət komponent(lər)i olmalıdır"
"Salary already processed for period between {0} and {1}, Leave application period cannot be between this date range.","{0} və {1} tarixləri arasındakı dövr üçün maaş artıq emal edilib, Məzuniyyət müraciəti dövrü bu tarix aralığında ola bilməz."
"Sanctioned Amount cannot be greater than Claim Amount in Row {0}.","Səlahiyyətli Məbləğ Sətir {0}-də Tələb Edilən Məbləğdən böyük ola bilməz."
"Score must be less than or equal to 5","Bal 5-dən az və ya bərabər olmalıdır"
"Select Property","Xüsusiyyət Seçin"
"Select an employee to get the employee advance.","İşçi avansı almaq üçün bir işçi seçin."
"Service Expense","Xidmət Xərci"
"Show Employee","İşçini Göstər"
"Show Salary Slip","Əmək Haqqı Qəbzini Göstər"
"Sick Leave","Xəstəlik Məzuniyyəti"
"Skipping Salary Structure Assignment for the following employees, as Salary Structure Assignment records already exists against them. {0}","Aşağıdakı işçilər üçün Əmək Haqqı Strukturu Təyinatı buraxılır, çünki onlara qarşı Əmək Haqqı Strukturu Təyinatı qeydləri artıq mövcuddur. {0}"
"Staffing Plan {0} already exist for designation {1}","{1} vəzifəsi üçün Ştat Planı {0} artıq mövcuddur"
"Start and end dates not in a valid Payroll Period, cannot calculate {0}","Başlanğıc və bitiş tarixləri etibarlı Maaş Dövründə deyil, {0} hesablana bilmir"
"Start and end dates not in a valid Payroll Period, cannot calculate {0}.","Başlanğıc və bitiş tarixləri etibarlı Maaş Dövründə deyil, {0} hesablana bilmir."
"Stock Options","Səhm Opsionları"
"Structures have been assigned successfully","Strukturlar uğurla təyin edildi"
"Submit Proof","Sübut Təqdim Et"
"Submit Salary Slip","Əmək Haqqı Qəbzini Təqdim Et"
"Submit this to create the Employee record","İşçi qeydini yaratmaq üçün bunu təqdim edin"
"Submitting Salary Slips...","Əmək Haqqı Qəbzləri təqdim edilir..."
"Team Updates","Komanda Yeniləmələri"
"Thank you","Təşəkkür edirik"
"The day(s) on which you are applying for leave are holidays. You need not apply for leave.","Məzuniyyət üçün müraciət etdiyiniz gün(lər) tətildir. Məzuniyyət üçün müraciət etməyə ehtiyac yoxdur."
"There are more holidays than working days this month.","Bu ay iş günlərindən daha çox tətil var."
"There is no leave period in between {0} and {1}","{0} və {1} arasında heç bir məzuniyyət dövrü yoxdur"
"This is based on the attendance of this Employee","Bu, bu İşçinin davamiyyətinə əsaslanır"
"This will submit Salary Slips and create accrual Journal Entry. Do you want to proceed?","Bu, Əmək Haqqı Qəbzlərini təqdim edəcək və hesablama Jurnalı Qeydi yaradacaq. Davam etmək istəyirsiniz?"
"To date can not be equal or less than from date","Bitiş tarixi başlanğıc tarixindən bərabər və ya az ola bilməz"
"To date can not be less than from date","Bitiş tarixi başlanğıc tarixindən az ola bilməz"
"To date can not greater than employee's relieving date","Bitiş tarixi işçinin işdən çıxma tarixindən böyük ola bilməz"
"Total Absent","Cəmi Qayıb"
"Total Deduction","Cəmi Tutulma"
"Total Leaves","Cəmi Məzuniyyətlər"
"Total Present","Cəmi İştirak"
"Total advance amount cannot be greater than total sanctioned amount","Cəmi avans məbləği cəmi səlahiyyətli məbləğdən böyük ola bilməz"
"Total flexible benefit component amount {0} should not be less than max benefits {1}","Cəmi çevik müavinət komponenti məbləği {0} maksimum müavinətlərdən {1} az olmamalıdır"
"Total leaves allocated is mandatory for Leave Type {0}","{0} Məzuniyyət Növü üçün cəmi təyin edilmiş məzuniyyətlər məcburidir"
"Total working hours should not be greater than max working hours {0}","Cəmi iş saatları maksimum iş saatlarından {0} çox olmamalıdır"
"Training","Təlim"
"Training Event","Təlim Tədbiri"
"Training Events","Təlim Tədbirləri"
"Training Feedback","Təlim Rəyi"
"Training Result","Təlim Nəticəsi"
"Travel","Səyahət"
"Update Response","Cavabı Yenilə"
"Value missing","Dəyər çatışmır"
"Variable","Dəyişən"
"Walk In","Gəliş"
"Warning: Leave application contains following block dates","Xəbərdarlıq: Məzuniyyət müraciətində aşağıdakı blok tarixləri var"
"Website Listing","Vebsayt Siyahısı"
"Work Summary for {0}","{0} üçün İş Xülasəsi"
"You are not authorized to approve leaves on Block Dates","Blok Tarixlərində məzuniyyətləri təsdiqləmək səlahiyyətiniz yoxdur"
"You are not present all day(s) between compensatory leave request days","Siz kompensasiya məzuniyyəti tələbi günləri arasında bütün gün(lər)də iştirak etmirsiniz"
"You can only submit Leave Encashment for a valid encashment amount","Siz yalnız etibarlı kompensasiya məbləği üçün Məzuniyyət Kompensasiyası təqdim edə bilərsiniz"
"{0} already allocated for Employee {1} for period {2} to {3}","{0} artıq {1} İşçisi üçün {2} - {3} dövrü üzrə təyin edilib"
"{0} applicable after {1} working days","{0}, {1} iş günündən sonra tətbiq olunur"
"{0} is not in Optional Holiday List","{0} Könüllü Tətil Siyahısında deyil"
"{0} is not in a valid Payroll Period","{0} etibarlı Maaş Dövründə deyil"
"{0} must be submitted","{0} təqdim edilməlidir"
"{0}: Employee email not found, hence email not sent","{0}: İşçi e-poçtu tapılmadı, buna görə e-poçt göndərilmədi"
"{0}: From {0} of type {1}","{0}: {0}-dan {1} növündə"
"Conditions","Şərtlər"
"Percent","Faiz"
"Error in some rows","Bəzi sətirlərdə xəta"
"Benefit","Müavinət"
"Shift","Növbə"
"Importing {0} of {1}","{0} / {1} idxal edilir"
"'employee_field_value' and 'timestamp' are required.","'employee_field_value' və 'timestamp' tələb olunur."
"Allocation Expired!","Təyinatın Vaxtı Bitdi!"
"Attendance Marked","Davamiyyət Qeyd Edildi"
"Attendance has been marked as per employee check-ins","Davamiyyət işçi girişlərinə əsasən qeyd edilib"
"Date Range","Tarix Aralığı"
"Event Link","Tədbir Linki"
"Expire Allocation","Təyinatın Vaxtını Bitir"
"Fuel Expense","Yanacaq Xərci"
"Intermediate","Orta Səviyyə"
"Leave application is linked with leave allocations {0}. Leave application cannot be set as leave without pay","Məzuniyyət müraciəti {0} məzuniyyət təyinatları ilə əlaqələndirilib. Məzuniyyət müraciəti ödənişsiz məzuniyyət kimi təyin edilə bilməz"
"Log Type is required for check-ins falling in the shift: {0}.","{0} növbəsinə düşən girişlər üçün Log Növü tələb olunur."
"No Employee found for the given employee field value. '{}': {}","Verilən işçi sahə dəyəri üçün İşçi tapılmadı. '{}': {}"
"No Leaves Allocated to Employee: {0} for Leave Type: {1}","İşçi: {0} üçün Məzuniyyət Növü: {1} üzrə Məzuniyyət Təyin Edilməyib"
"Only expired allocation can be cancelled","Yalnız vaxtı bitmiş təyinat ləğv edilə bilər"
"Only users with the {0} role can create backdated leave applications","Yalnız {0} rolu olan istifadəçilər geri tarixli məzuniyyət müraciətləri yarada bilər"
"Password policy cannot contain spaces or simultaneous hyphens. The format will be restructured automatically","Şifrə siyasətində boşluqlar və ya eyni vaxtda defislər ola bilməz. Format avtomatik olaraq yenidən qurulacaq"
"Please enter the designation","Zəhmət olmasa vəzifəni daxil edin"
"There are no vacancies under staffing plan {0}","{0} ştat planı üzrə vakansiya yoxdur"
"This employee already has a log with the same timestamp.{0}","Bu işçinin artıq eyni zaman damğası ilə qeydi var.{0}"
"Timing","Vaxt"
"To date needs to be before from date","Bitiş tarixi başlanğıc tarixindən əvvəl olmalıdır"
"Total Early Exits","Cəmi Erkən Çıxışlar"
"Total Late Entries","Cəmi Gecikmə Girişləri"
"Training Event:","Təlim Tədbiri:"
"Unable to find Salary Component {0}","Əmək Haqqı Komponenti {0} tapılmadı"
"Unmarked Attendance for days","Günlər üçün Qeyd Edilməmiş Davamiyyət"
"Vacancies cannot be lower than the current openings","Vakansiyalar cari açıq yerlərdən az ola bilməz"
"{} is an invalid Attendance Status.","{} etibarsız Davamiyyət Statusudur."
"Printed On","Çap Edilib"
"No employee found","İşçi tapılmadı"
"Please setup Employee Naming System in Human Resource > HR Settings","Zəhmət olmasa İnsan Resursları > HR Parametrlərində İşçi Adlandırma Sistemini quraşdırın"
"Please setup numbering series for Attendance via Setup > Numbering Series","Zəhmət olmasa Quraşdırma > Nömrələmə Seriyası vasitəsilə Davamiyyət üçün nömrələmə seriyasını quraşdırın"
"Current Odometer Value should be greater than Last Odometer Value {0}","Cari Odometr Dəyəri Son Odometr Dəyərindən {0} böyük olmalıdır"
"No additional expenses has been added","Heç bir əlavə xərc əlavə edilməyib"
"{0} already exists for employee {1} and period {2}","{1} işçisi və {2} dövrü üçün {0} artıq mövcuddur"
"Leaves Allocated","Təyin Edilmiş Məzuniyyətlər"
"Leave Without Pay does not match with approved {} records","Ödənişsiz Məzuniyyət təsdiqlənmiş {} qeydləri ilə uyğun gəlmir"
"Income Tax Slab not set in Salary Structure Assignment: {0}","Əmək Haqqı Strukturu Təyinatında Gəlir Vergisi Tablosu təyin edilməyib: {0}"
"Income Tax Slab: {0} is disabled","Gəlir Vergisi Tablosu: {0} deaktiv edilib"
"Income Tax Slab must be effective on or before Payroll Period Start Date: {0}","Gəlir Vergisi Tablosu Maaş Dövrü Başlanğıc Tarixində: {0} və ya ondan əvvəl qüvvədə olmalıdır"
"No leave record found for employee {0} on {1}","{0} işçisi üçün {1} tarixində heç bir məzuniyyət qeydi tapılmadı"
"Row {0}: {1} is required in the expenses table to book an expense claim.","Sətir {0}: Xərc tələbini qeyd etmək üçün xərclər cədvəlində {1} tələb olunur."
"Set the default account for the {0} {1}","{0} {1} üçün standart hesabı təyin edin"
"(Half Day)","(Yarım Gün)"
"Income Tax Slab","Gəlir Vergisi Tablosu"
"Row #{0}: Cannot set amount or formula for Salary Component {1} with Variable Based On Taxable Salary","Sətir #{0}: Vergi Tutulan Maaşa Əsaslanan Dəyişən ilə {1} Əmək Haqqı Komponenti üçün məbləğ və ya düstur təyin edilə bilməz"
"Repay From Salary can be selected only for term loans","Maaşdan Geri Ödəniş yalnız müddətli kreditlər üçün seçilə bilər"
"Salary Component Account","Əmək Haqqı Komponenti Hesabı"
"Default Bank / Cash account will be automatically updated in Salary Journal Entry when this mode is selected.","Bu rejim seçildikdə Standart Bank / Kass hesab avtomatik olaraq Maaş Jurnalı Qeydində yenilənəcək."
"Result","Nəticə"
"Total Score","Ümumi Bal"
"Joining Date","İşə Qəbul Tarixi"
"Publish on website","Vebsaytda dərc et"
"Application Status","Müraciət Statusu"
"IN","GİRİŞ"
"Remind Before","Əvvəl Xatırlat"
"Reminded","Xatırladıldı"
"Additional Salary","Əlavə Əmək Haqqı"
"HR-ADS-.YY.-.MM.-","HR-ADS-.YY.-.MM.-"
"Salary Component","Maaş Komponenti"
"Overwrite Salary Structure Amount","Maaş strukturu məbləğini üzərinə yaz"
"Deduct Full Tax on Selected Payroll Date","Seçilmiş maaş tarixində tam vergini tut"
"Payroll Date","Maaş Tarixi"
"Salary Component Type","Maaş Komponenti Növü"
"Appointment Letter","Təyinat Məktubu"
"Appointment Date","Təyinat Tarixi"
"Appointment Letter Template","Təyinat Məktubu Şablonu"
"Closing Notes","Bağlanış Qeydləri"
"Appointment Letter content","Təyinat Məktubu Məzmunu"
"Appraisal","Qiymətləndirmə"
"HR-APR-.YY.-.MM.","HR-APR-.YY.-.MM."
"For Employee Name","İşçi Adı Üçün"
"Goals","Hədəflər"
"Total Score (Out of 5)","Ümumi Bal (5-dən)"
"Any other remarks, noteworthy effort that should go in the records.","Qeydlərə daxil edilməli olan hər hansı digər qeydlər, diqqətəlayiq səylər."
"Appraisal Goal","Qiymətləndirmə Hədəfi"
"Key Responsibility Area","Əsas Məsuliyyət Sahəsi"
"Weightage (%)","Çəki (%)"
"Score (0-5)","Bal (0-5)"
"Score Earned","Qazanılan Bal"
"Appraisal Template Title","Qiymətləndirmə Şablonu Başlığı"
"Appraisal Template Goal","Qiymətləndirmə Şablonu Hədəfi"
"KRA","Əsas Məsuliyyət Sahəsi (KRA)"
"Key Performance Area","Əsas Fəaliyyət Sahəsi"
"HR-ATT-.YYYY.-","HR-ATT-.YYYY.-"
"On Leave","Məzuniyyətdə"
"Work From Home","Evdən İş"
"Leave Application","Məzuniyyət Müraciəti"
"Attendance Date","Davamiyyət Tarixi"
"Attendance Request","Davamiyyət Sorğusu"
"Late Entry","Gec Giriş"
"Early Exit","Erkən Çıxış"
"Half Day Date","Yarım Gün Tarixi"
"On Duty","Növbədə"
"Explanation","İzah"
"Compensatory Leave Request","Kompensasiya Məzuniyyəti Sorğusu"
"Leave Allocation","Məzuniyyət Təyinatı"
"Worked On Holiday","Bayramda İşləyib"
"Work From Date","İş Başlama Tarixi"
"Work End Date","İş Bitmə Tarixi"
"Email Sent To","E-poçt Göndərildi"
"Select Users","İstifadəçiləri Seçin"
"Send Emails At","E-poçtları Göndər"
"Reminder","Xatırlatma"
"Daily Work Summary Group User","Gündəlik İş Xülasəsi Qrupu İstifadəçisi"
"email","e-poçt"
"Department Approver","Şöbə Təsdiqləyicisi"
"Approver","Təsdiqləyici"
"Designation Skill","Vəzifə Bacarığı"
"Skill","Bacarıq"
"Leave Policy","Məzuniyyət Siyasəti"
"Salary Details","Maaş Təfərrüatları"
"HR-EAD-.YYYY.-","HR-EAD-.YYYY.-"
"Claimed","Tələb Edilib"
"Employee Attendance Tool","İşçi Davamiyyət Aləti"
"Unmarked Attendance","Qeyd Edilməmiş Davamiyyət"
"Employees HTML","İşçilər HTML"
"Marked Attendance","Qeyd Edilmiş Davamiyyət"
"Marked Attendance HTML","Qeyd Edilmiş Davamiyyət HTML"
"Employee Benefit Application","İşçi Müavinəti Müraciəti"
"Max Benefits (Yearly)","Maksimum Müavinətlər (İllik)"
"Remaining Benefits (Yearly)","Qalan Müavinətlər (İllik)"
"Payroll Period","Maaş Dövrü"
"Dispensed Amount (Pro-rated)","Verilən Məbləğ (Mütənasib)"
"Employee Benefit Application Detail","İşçi Müavinəti Müraciəti Təfərrüatı"
"Earning Component","Qazanc Komponenti"
"Pay Against Benefit Claim","Müavinət Tələbi Qarşılığında Ödəniş"
"Max Benefit Amount","Maksimum Müavinət Məbləği"
"Employee Benefit Claim","İşçi Müavinəti Tələbi"
"Claim Date","Tələb Tarixi"
"Claim Benefit For","Müavinət Tələb Et"
"Max Amount Eligible","Maksimum Uyğun Məbləğ"
"Expense Proof","Xərc Sübutu"
"Employee Boarding Activity","İşçi Qəbulu Fəaliyyəti"
"Activity Name","Fəaliyyət Adı"
"Required for Employee Creation","İşçi Yaradılması üçün Tələb Olunur"
"Applicable in the case of Employee Onboarding","İşçi Qəbulu zamanı tətbiq olunur"
"Employee Checkin","İşçi Girişi"
"Log Type","Giriş Növü"
"OUT","ÇIXIŞ"
"Location / Device ID","Məkan / Cihaz İD"
"Skip Auto Attendance","Avtomatik Davamiyyəti Keç"
"Shift Start","Növbə Başlanğıcı"
"Shift End","Növbə Bitişi"
"Shift Actual Start","Növbə Faktiki Başlanğıcı"
"Shift Actual End","Növbə Faktiki Bitişi"
"Default Salary Structure","Varsayılan Maaş Strukturu"
"Employee Health Insurance","İşçi Sağlamlıq Sığortası"
"Health Insurance Name","Sağlamlıq Sığortası Adı"
"Employee Incentive","İşçi Həvəsləndirməsi"
"Incentive Amount","Həvəsləndirmə Məbləği"
"Employee Onboarding","İşçi Qəbulu"
"Notify users by email","İstifadəçiləri e-poçtla xəbərdar et"
"Employee Onboarding Template","İşçi Qəbulu Şablonu"
"Employee Other Income","İşçi Digər Gəlir"
"Employee Promotion","İşçi Yüksəlişi"
"Promotion Date","Yüksəliş Tarixi"
"Employee Promotion Details","İşçi Yüksəlişi Təfərrüatları"
"Employee Property History","İşçi Əmlak Tarixçəsi"
"Employee Separation","İşçinin İşdən Çıxarılması"
"Employee Separation Template","İşçinin İşdən Çıxarılması Şablonu"
"Exit Interview Summary","Çıxış Müsahibəsi Xülasəsi"
"Employee Skill","İşçi Bacarığı"
"Proficiency","Səriştə"
"Evaluation Date","Qiymətləndirmə Tarixi"
"Employee Skill Map","İşçi Bacarıq Xəritəsi"
"Employee Skills","İşçi Bacarıqları"
"Trainings","Təlimlər"
"Employee Tax Exemption Category","İşçi Vergi Azadolma Kateqoriyası"
"Max Exemption Amount","Maksimum Azadolma Məbləği"
"Employee Tax Exemption Declaration","İşçi Vergi Azadolma Bəyannaməsi"
"Declarations","Bəyannamələr"
"Total Declared Amount","Cəmi Bəyan Edilmiş Məbləğ"
"Total Exemption Amount","Cəmi Azadolma Məbləği"
"Employee Tax Exemption Declaration Category","İşçi Vergi Azadolma Bəyannaməsi Kateqoriyası"
"Exemption Sub Category","Azadolma Alt Kateqoriyası"
"Exemption Category","Azadolma Kateqoriyası"
"Maximum Exempted Amount","Maksimum Azad Edilən Məbləğ"
"Declared Amount","Bəyan Edilmiş Məbləğ"
"Employee Tax Exemption Proof Submission","İşçi Vergi Azadolma Sübutu Təqdimatı"
"Submission Date","Təqdimat Tarixi"
"Tax Exemption Proofs","Vergi Azadolma Sübutları"
"Total Actual Amount","Cəmi Faktiki Məbləğ"
"Employee Tax Exemption Proof Submission Detail","İşçi Vergi Azadolma Sübutu Təqdimatı Təfərrüatı"
"Maximum Exemption Amount","Maksimum Azadolma Məbləği"
"Type of Proof","Sübut Növü"
"Actual Amount","Faktiki Məbləğ"
"Employee Tax Exemption Sub Category","İşçi Vergi Azadolma Alt Kateqoriyası"
"Tax Exemption Category","Vergi Azadolma Kateqoriyası"
"Employee Training","İşçi Təlimi"
"Training Date","Təlim Tarixi"
"Employee Transfer","İşçi Transferi"
"Transfer Date","Transfer Tarixi"
"Employee Transfer Details","İşçi Transferi Təfərrüatları"
"Employee Transfer Detail","İşçi Transferi Təfərrüatı"
"Re-allocate Leaves","Məzuniyyətləri Yenidən Təyin Et"
"Create New Employee Id","Yeni İşçi İD Yarat"
"New Employee ID","Yeni İşçi İD"
"HR-EXP-.YYYY.-","HR-EXP-.YYYY.-"
"Expense Taxes and Charges","Xərc Vergiləri və Rüsumları"
"Total Sanctioned Amount","Cəmi Təsdiq Edilmiş Məbləğ"
"Total Advance Amount","Cəmi Avans Məbləği"
"Total Claimed Amount","Cəmi Tələb Edilən Məbləğ"
"Total Amount Reimbursed","Cəmi Ödənilmiş Məbləğ"
"Vehicle Log","Nəqliyyat Jurnalı"
"Employees Email Id","İşçilərin E-poçt İD"
"More Details","Daha Çox Təfərrüat"
"Expense Claim Account","Xərc Tələbi Hesabı"
"Expense Claim Advance","Xərc Tələbi Avansı"
"Expense Claim Detail","Xərc Tələbi Təfərrüatı"
"Expense Date","Xərc Tarixi"
"Expense Claim Type","Xərc Tələbi Növü"
"HR Settings","HR Parametrləri"
"Employee Settings","İşçi Parametrləri"
"Expense Approver Mandatory In Expense Claim","Xərc Tələbində Xərc Təsdiqləyicisi Məcburidir"
"Payroll Settings","Maaş Parametrləri"
"Leave","Məzuniyyət"
"Max working hours against Timesheet","Davamiyyət Cədvəlinə qarşı maksimum iş saatları"
"Include holidays in Total no. of Working Days","Cəmi İş Günləri sayına tətilləri daxil et"
"If checked, Total no. of Working Days will include holidays, and this will reduce the value of Salary Per Day","Əgər işarələnərsə, Cəmi İş Günləri sayına tətillər daxil ediləcək və bu, Günlük Maaş dəyərini azaldacaq"
"If checked, hides and disables Rounded Total field in Salary Slips","Əgər işarələnərsə, Maaş Qəbzlərində Yuvarlaq Cəm sahəsini gizlədir və deaktiv edir"
"The fraction of daily wages to be paid for half-day attendance","Yarım günlük davamiyyət üçün ödəniləcək günlük əmək haqqı hissəsi"
"Email Salary Slip to Employee","Maaş Qəbzini İşçiyə E-poçtla Göndər"
"Emails salary slip to employee based on preferred email selected in Employee","Maaş qəbzini İşçidə seçilmiş üstünlük verilən e-poçta əsasən işçiyə e-poçtla göndərir"
"Encrypt Salary Slips in Emails","E-poçtlarda Maaş Qəbzlərini Şifrələ"
"The salary slip emailed to the employee will be password protected, the password will be generated based on the password policy.","İşçiyə e-poçtla göndərilən maaş qəbzi şifrə ilə qorunacaq, şifrə şifrə siyasətinə əsasən yaradılacaq."
"Password Policy","Şifrə Siyasəti"
"<b>Example:</b> SAL-{first_name}-{date_of_birth.year} <br>This will generate a password like SAL-Jane-1972","<b>Nümunə:</b> SAL-{first_name}-{date_of_birth.year} <br>Bu, SAL-Jane-1972 kimi bir şifrə yaradacaq"
"Leave Approval Notification Template","Məzuniyyət Təsdiq Bildiriş Şablonu"
"Leave Status Notification Template","Məzuniyyət Statusu Bildiriş Şablonu"
"Role Allowed to Create Backdated Leave Application","Geri Tarixli Məzuniyyət Müraciəti Yaratmağa İcazə Verilən Rol"
"Leave Approver Mandatory In Leave Application","Məzuniyyət Müraciətində Məzuniyyət Təsdiqləyicisi Məcburidir"
"Show Leaves Of All Department Members In Calendar","Təqvimdə Bütün Şöbə Üzvlərinin Məzuniyyətlərini Göstər"
"Auto Leave Encashment","Avtomatik Məzuniyyət Kompensasiyası"
"Hiring Settings","İşə Qəbul Parametrləri"
"Check Vacancies On Job Offer Creation","İş Təklifi Yaradılarkən Vakansiyaları Yoxla"
"Identification Document Type","Şəxsiyyət Sənədi Növü"
"Effective from","Qüvvəyə Minmə Tarixi"
"Allow Tax Exemption","Vergi Azadolmasına İcazə Ver"
"If enabled, Tax Exemption Declaration will be considered for income tax calculation.","Əgər aktivləşdirilərsə, Vergi Azadolma Bəyannaməsi gəlir vergisi hesablaması üçün nəzərə alınacaq."
"Standard Tax Exemption Amount","Standart Vergi Azadolma Məbləği"
"Taxable Salary Slabs","Vergi Tutulan Maaş Cədvəlləri"
"Taxes and Charges on Income Tax","Gəlir Vergisi üzrə Vergilər və Rüsumlar"
"Other Taxes and Charges","Digər Vergilər və Rüsumlar"
"Income Tax Slab Other Charges","Gəlir Vergisi Cədvəli Digər Rüsumlar"
"Min Taxable Income","Min. Vergi Tutulan Gəlir"
"Max Taxable Income","Maks. Vergi Tutulan Gəlir"
"Applicant for a Job","İşə Müraciət Edən"
"Job Opening","Vakansiya"
"Cover Letter","Müşayiət Məktubu"
"Resume Attachment","CV Əlavəsi"
"Job Applicant Source","İşə Müraciət Edən Mənbəyi"
"Applicant Email Address","Müraciət Edənin E-poçt Ünvanı"
"Awaiting Response","Cavab Gözlənilir"
"Job Offer Terms","İş Təklifi Şərtləri"
"Select Terms and Conditions","Şərtləri və Qaydaları Seçin"
"Job Offer Term","İş Təklifi Şərti"
"Offer Term","Təklif Şərti"
"Value / Description","Dəyər / Təsvir"
"Description of a Job Opening","Vakansiya Təsviri"
"Staffing Plan","Ştat Planı"
"Planned number of Positions","Planlaşdırılan Vəzifə Sayı"
"Job profile, qualifications required etc.","İş profili, tələb olunan ixtisaslar və s."
"HR-LAL-.YYYY.-","HR-LAL-.YYYY.-"
"New Leaves Allocated","Yeni Təyin Edilmiş Məzuniyyətlər"
"Add unused leaves from previous allocations","Əvvəlki təyinatdan istifadə olunmamış məzuniyyətləri əlavə et"
"Unused leaves","İstifadə olunmamış məzuniyyətlər"
"Total Leaves Allocated","Cəmi Təyin Edilmiş Məzuniyyətlər"
"Total Leaves Encashed","Cəmi Kompensasiya Edilmiş Məzuniyyətlər"
"Leave Period","Məzuniyyət Dövrü"
"Carry Forwarded Leaves","Növbəti Dövrə Keçirilmiş Məzuniyyətlər"
"Apply / Approve Leaves","Məzuniyyətlərə Müraciət Et / Təsdiqlə"
"HR-LAP-.YYYY.-","HR-LAP-.YYYY.-"
"Leave Balance Before Application","Müraciətdən Əvvəlki Məzuniyyət Balansı"
"Total Leave Days","Cəmi Məzuniyyət Günləri"
"Leave Approver Name","Məzuniyyət Təsdiqləyicisinin Adı"
"Follow via Email","E-poçt vasitəsilə izlə"
"Block Holidays on important days.","Vacib günlərdə tətilləri blokla."
"Leave Block List Name","Məzuniyyət Blok Siyahısı Adı"
"Applies to Company","Şirkətə Tətbiq Olunur"
"If not checked, the list will have to be added to each Department where it has to be applied.","Əgər işarələnməyibsə, siyahı tətbiq olunmalı olduğu hər bir Şöbəyə əlavə edilməli olacaq."
"Block Days","Blok Günləri"
"Stop users from making Leave Applications on following days.","İstifadəçilərin növbəti günlərdə Məzuniyyət Müraciətləri etməsini dayandır."
"Leave Block List Dates","Məzuniyyət Blok Siyahısı Tarixləri"
"Allow Users","İstifadəçilərə İcazə Ver"
"Allow the following users to approve Leave Applications for block days.","Aşağıdakı istifadəçilərə blok günləri üçün Məzuniyyət Müraciətlərini təsdiqləməyə icazə ver."
"Leave Block List Allowed","Məzuniyyət Blok Siyahısına İcazə Verildi"
"Leave Block List Allow","Məzuniyyət Blok Siyahısına İcazə"
"Allow User","İstifadəçiyə İcazə Ver"
"Leave Block List Date","Məzuniyyət Blok Siyahısı Tarixi"
"Block Date","Blok Tarixi"
"Leave Control Panel","Məzuniyyət İdarəetmə Paneli"
"Employment Type (optional)","Məşğulluq Növü (könüllü)"
"Branch (optional)","Filial (könüllü)"
"Department (optional)","Şöbə (könüllü)"
"Designation (optional)","Vəzifə (könüllü)"
"Employee Grade (optional)","İşçi Dərəcəsi (könüllü)"
"Employee (optional)","İşçi (könüllü)"
"Allocate Leaves","Məzuniyyətləri Təyin Et"
"Carry Forward","Növbəti Dövrə Keçirmə"
"Please select Carry Forward if you also want to include previous fiscal year's balance leaves to this fiscal year","Əgər əvvəlki maliyyə ilinin balans məzuniyyətlərini də bu maliyyə ilinə daxil etmək istəyirsinizsə, zəhmət olmasa Növbəti Dövrə Keçirməni seçin"
"New Leaves Allocated (In Days)","Yeni Təyin Edilmiş Məzuniyyətlər (Günlərlə)"
"Leave Balance","Məzuniyyət Balansı"
"Encashable days","Kompensasiya edilə bilən günlər"
"Encashment Amount","Kompensasiya Məbləği"
"Leave Ledger Entry","Məzuniyyət Reyestri Qeydi"
"Transaction Name","Əməliyyat Adı"
"Is Carry Forward","Növbəti Dövrə Keçirilmədir"
"Is Expired","Müddəti Bitib"
"Is Leave Without Pay","Ödənişsiz Məzuniyyətdir"
"Holiday List for Optional Leave","Könüllü Məzuniyyət üçün Tətil Siyahısı"
"Leave Allocations","Məzuniyyət Təyinatları"
"Leave Policy Details","Məzuniyyət Siyasəti Təfərrüatları"
"Leave Policy Detail","Məzuniyyət Siyasəti Təfərrüatı"
"Annual Allocation","İllik Təyinat"
"Leave Type Name","Məzuniyyət Növü Adı"
"Applicable After (Working Days)","Tətbiq Olunur (İş Günləri) Sonra"
"Is Optional Leave","Könüllü Məzuniyyətdir"
"Allow Negative Balance","Mənfi Balansa İcazə Ver"
"Include holidays within leaves as leaves","Tətilləri məzuniyyətlər daxilində məzuniyyət kimi daxil et"
"Is Compensatory","Kompensasiyadır"
"Maximum Carry Forwarded Leaves","Maksimum Növbəti Dövrə Keçirilmiş Məzuniyyətlər"
"Expire Carry Forwarded Leaves (Days)","Növbəti Dövrə Keçirilmiş Məzuniyyətlərin Müddəti Bitir (Günlər)"
"Calculated in days","Günlərlə hesablanır"
"Encashment","Kompensasiya"
"Allow Encashment","Kompensasiyaya İcazə Ver"
"Encashment Threshold Days","Kompensasiya Həddi Günləri"
"Earned Leave","Qazanılmış Məzuniyyət"
"Is Earned Leave","Qazanılmış Məzuniyyətdir"
"Earned Leave Frequency","Qazanılmış Məzuniyyət Tezliyi"
"Rounding","Yuvarlaqlaşdırma"
"Payroll Employee Detail","Maaş İşçi Təfərrüatı"
"Payroll Frequency","Maaş Tezliyi"
"Fortnightly","İki həftəlik"
"Bimonthly","İki aylıq"
"Employees","İşçilər"
"Number Of Employees","İşçilərin Sayı"
"Employee Details","İşçi Təfərrüatları"
"Validate Attendance","Davamiyyəti Yoxla"
"Salary Slip Based on Timesheet","Davamiyyət Cədvəlinə Əsaslanan Maaş Qəbzi"
"Deduct Tax For Unclaimed Employee Benefits","Tələb Olunmamış İşçi Müavinətləri Üçün Vergi Tut"
"Deduct Tax For Unsubmitted Tax Exemption Proof","Təqdim Edilməmiş Vergi Azadolma Sübutu Üçün Vergi Tut"
"Select Payment Account to make Bank Entry","Bank Qeydi etmək üçün Ödəniş Hesabı seçin"
"Salary Slips Created","Yaradılmış Maaş Qəbzləri"
"Salary Slips Submitted","Təqdim Edilmiş Maaş Qəbzləri"
"Payroll Periods","Maaş Dövrləri"
"Payroll Period Date","Maaş Dövrü Tarixi"
"Purpose of Travel","Səyahətin Məqsədi"
"Retention Bonus","Saxlama Bonusu"
"Bonus Payment Date","Bonus Ödəniş Tarixi"
"Bonus Amount","Bonus Məbləği"
"Depends on Payment Days","Ödəniş Günlərindən Asılıdır"
"Is Tax Applicable","Vergi Tətbiq Olunur"
"Variable Based On Taxable Salary","Vergi Tutulan Maaşa Əsaslanan Dəyişən"
"Exempted from Income Tax","Gəlir Vergisindən Azad Edilib"
"Round to the Nearest Integer","Ən Yaxın Tam Ədədə Yuvarlaqlaşdır"
"Statistical Component","Statistik Komponent"
"If selected, the value specified or calculated in this component will not contribute to the earnings or deductions. However, it's value can be referenced by other components that can be added or deducted.","Əgər seçilərsə, bu komponentdə göstərilən və ya hesablanan dəyər qazanclara və ya tutulmalara təsir etməyəcək. Lakin, onun dəyərinə əlavə edilə və ya tutula bilən digər komponentlər tərəfindən istinad edilə bilər."
"Do Not Include in Total","Cəmə Daxil Etmə"
"Flexible Benefits","Çevik Müavinətlər"
"Is Flexible Benefit","Çevik Müavinətdir"
"Max Benefit Amount (Yearly)","Maksimum Müavinət Məbləği (İllik)"
"Only Tax Impact (Cannot Claim But Part of Taxable Income)","Yalnız Vergi Təsiri (Tələb Edilə Bilməz, Lakin Vergi Tutulan Gəlirin Bir Hissəsi)"
"Create Separate Payment Entry Against Benefit Claim","Müavinət Tələbinə Qarşı Ayrıca Ödəniş Qeydi Yarat"
"Amount based on formula","Düstura əsaslanan məbləğ"
"Formula","Düstur"
"Salary Detail","Maaş Təfərrüatı"
"Component","Komponent"
"Do not include in total","Cəmə daxil etmə"
"Default Amount","Varsayılan Məbləğ"
"Additional Amount","Əlavə Məbləğ"
"Tax on flexible benefit","Çevik müavinət üzrə vergi"
"Tax on additional salary","Əlavə maaş üzrə vergi"
"Salary Structure","Maaş Strukturu"
"Working Days","İş Günləri"
"Salary Slip Timesheet","Maaş Qəbzi Davamiyyət Cədvəli"
"Earnings","Qazanclar"
"Deductions","Tutulmalar"
"Total in words","Sözlə cəmi"
"Salary Component for timesheet based payroll.","Davamiyyət cədvəli əsaslı maaş cədvəli üçün Maaş Komponenti."
"Leave Encashment Amount Per Day","Günlük Məzuniyyət Kompensasiyası Məbləği"
"Max Benefits (Amount)","Maksimum Müavinətlər (Məbləğ)"
"Salary breakup based on Earning and Deduction.","Qazanc və Tutulma əsasında maaş bölgüsü."
"Total Earning","Cəmi Qazanc"
"Salary Structure Assignment","Maaş Strukturu Təyinatı"
"Shift Assignment","Növbə Təyinatı"
"Shift Type","Növbə Növü"
"Shift Request","Növbə Sorğusu"
"Enable Auto Attendance","Avtomatik Davamiyyəti Aktivləşdir"
"Mark attendance based on 'Employee Checkin' for Employees assigned to this shift.","Bu növbəyə təyin edilmiş İşçilər üçün 'İşçi Girişi'nə əsasən davamiyyəti qeyd et."
"Auto Attendance Settings","Avtomatik Davamiyyət Parametrləri"
"Determine Check-in and Check-out","Giriş və Çıxışı Müəyyən Et"
"Alternating entries as IN and OUT during the same shift","Eyni növbə ərzində GİRİŞ və ÇIXIŞ kimi növbəli qeydlər"
"Strictly based on Log Type in Employee Checkin","İşçi Girişində Log Növünə ciddi şəkildə əsaslanır"
"Working Hours Calculation Based On","İş Saatları Hesablaması Əsaslanır"
"First Check-in and Last Check-out","İlk Giriş və Son Çıxış"
"Every Valid Check-in and Check-out","Hər Etibarlı Giriş və Çıxış"
"Begin check-in before shift start time (in minutes)","Növbə başlama vaxtından əvvəl girişə başla (dəqiqə ilə)"
"The time before the shift start time during which Employee Check-in is considered for attendance.","İşçi Girişinin davamiyyət üçün nəzərə alındığı növbə başlama vaxtından əvvəlki vaxt."
"Allow check-out after shift end time (in minutes)","Növbə bitmə vaxtından sonra çıxışa icazə ver (dəqiqə ilə)"
"Time after the end of shift during which check-out is considered for attendance.","Çıxışın davamiyyət üçün nəzərə alındığı növbə bitdikdən sonrakı vaxt."
"Working Hours Threshold for Half Day","Yarım Gün üçün İş Saatları Həddi"
"Working hours below which Half Day is marked. (Zero to disable)","Yarım Gün qeyd edilən iş saatlarından aşağı. (Deaktiv etmək üçün sıfır)"
"Working Hours Threshold for Absent","Qayıb üçün İş Saatları Həddi"
"Working hours below which Absent is marked. (Zero to disable)","Qayıb qeyd edilən iş saatlarından aşağı. (Deaktiv etmək üçün sıfır)"
"Process Attendance After","Davamiyyəti Sonra Emal Et"
"Attendance will be marked automatically only after this date.","Davamiyyət yalnız bu tarixdən sonra avtomatik olaraq qeyd ediləcək."
"Last Sync of Checkin","Girişin Son Sinxronizasiyası"
"Last Known Successful Sync of Employee Checkin. Reset this only if you are sure that all Logs are synced from all the locations. Please don't modify this if you are unsure.","İşçi Girişinin Son Məlum Uğurlu Sinxronizasiyası. Bunu yalnız bütün Logların bütün məkanlardan sinxronizasiya edildiyinə əminsinizsə sıfırlayın. Əmin deyilsinizsə, zəhmət olmasa bunu dəyişdirməyin."
"Grace Period Settings For Auto Attendance","Avtomatik Davamiyyət Üçün Güzəşt Müddəti Parametrləri"
"Enable Entry Grace Period","Giriş Güzəşt Müddətini Aktivləşdir"
"Late Entry Grace Period","Gec Giriş Güzəşt Müddəti"
"The time after the shift start time when check-in is considered as late (in minutes).","Girişin gec hesab edildiyi növbə başlama vaxtından sonrakı vaxt (dəqiqə ilə)."
"Enable Exit Grace Period","Çıxış Güzəşt Müddətini Aktivləşdir"
"Early Exit Grace Period","Erkən Çıxış Güzəşt Müddəti"
"The time before the shift end time when check-out is considered as early (in minutes).","Çıxışın erkən hesab edildiyi növbə bitmə vaxtından əvvəlki vaxt (dəqiqə ilə)."
"Skill Name","Bacarıq Adı"
"Staffing Plan Detail","Ştat Planı Təfərrüatı"
"Total Estimated Budget","Cəmi Təxmini Büdcə"
"Vacancies","Vakansiyalar"
"Estimated Cost Per Position","Vəzifə Başına Təxmini Xərc"
"Total Estimated Cost","Cəmi Təxmini Xərc"
"Current Count","Cari Say"
"Current Openings","Cari Vakansiyalar"
"Number Of Positions","Vəzifələrin Sayı"
"Taxable Salary Slab","Vergi Tutulan Maaş Cədvəli"
"From Amount","Məbləğdən"
"To Amount","Məbləğə"
"Percent Deduction","Faiz Tutulması"
"Training Program","Təlim Proqramı"
"Event Status","Tədbir Statusu"
"Has Certificate","Sertifikatı Var"
"Seminar","Seminar"
"Theory","Nəzəriyyə"
"Workshop","Emalatxana"
"Conference","Konfrans"
"Exam","İmtahan"
"Internet","İnternet"
"Self-Study","Fərdi Hazırlıq"
"Advance","Avans"
"Trainer Name","Təlimçi Adı"
"Trainer Email","Təlimçi E-poçtu"
"Attendees","İştirakçılar"
"Employee Emails","İşçi E-poçtları"
"Training Event Employee","Təlim Tədbiri İşçisi"
"Invited","Dəvət Edildi"
"Feedback Submitted","Rəy Təqdim Edildi"
"Training Result Employee","Təlim Nəticəsi İşçisi"
"Travel Itinerary","Səyahət Marşrutu"
"Travel From","Haradan"
"Travel To","Haraya"
"Mode of Travel","Səyahət Növü"
"Flight","Uçuş"
"Train","Qatar"
"Taxi","Taksi"
"Rented Car","Kirayə Maşın"
"Meal Preference","Yemək Seçimi"
"Vegetarian","Vegetarian"
"Non-Vegetarian","Qeyri-Vegetarian"
"Gluten Free","Qlütensiz"
"Non Diary","Süd Məhsulları Olmayan"
"Travel Advance Required","Səyahət Avansı Tələb Olunur"
"Departure Datetime","Gediş Tarixi və Vaxtı"
"Arrival Datetime","Gəliş Tarixi və Vaxtı"
"Lodging Required","Qalacaq Yer Tələb Olunur"
"Preferred Area for Lodging","Qalacaq Yer Üçün Üstünlük Verilən Ərazi"
"Check-in Date","Giriş Tarixi"
"Check-out Date","Çıxış Tarixi"
"Travel Request","Səyahət Sorğusu"
"Travel Type","Səyahət Növü"
"Domestic","Yerli"
"International","Beynəlxalq"
"Travel Funding","Səyahət Maliyyələşdirməsi"
"Require Full Funding","Tam Maliyyələşdirmə Tələb Olunur"
"Fully Sponsored","Tam Sponsorluq Edilən"
"Partially Sponsored, Require Partial Funding","Qismən Sponsorluq Edilən, Qismən Maliyyələşdirmə Tələb Olunur"
"Copy of Invitation/Announcement","Dəvət/Elanın Surəti"
"Details of Sponsor (Name, Location)","Sponsorun Təfərrüatları (Ad, Məkan)"
"Identification Document Number","Şəxsiyyət Sənədinin Nömrəsi"
"Any other details","Hər hansı digər təfərrüatlar"
"Costing Details","Xərc Təfərrüatları"
"Event Details","Tədbir Təfərrüatları"
"Name of Organizer","Təşkilatçının Adı"
"Address of Organizer","Təşkilatçının Ünvanı"
"Travel Request Costing","Səyahət Sorğusu Xərcləri"
"Expense Type","Xərc Növü"
"Sponsored Amount","Sponsorluq Edilən Məbləğ"
"Funded Amount","Maliyyələşdirilən Məbləğ"
"Upload Attendance","Davamiyyəti Yüklə"
"Attendance From Date","Davamiyyət Başlanğıc Tarixi"
"Attendance To Date","Davamiyyət Bitiş Tarixi"
"Get Template","Şablonu Gətir"
"Import Attendance","Davamiyyəti İdxal Et"
"Upload HTML","HTML Yüklə"
"HR-VLOG-.YYYY.-","HR-VLOG-.YYYY.-"
"Odometer Reading","Odometr Göstəricisi"
"Current Odometer value","Cari Odometr dəyəri"
"Refuelling Details","Yanacaq Doldurma Təfərrüatları"
"Invoice Ref","Faktura İstinadı"
"Service Details","Xidmət Təfərrüatları"
"Vehicle Service","Nəqliyyat Xidməti"
"Service Item","Xidmət Məhsulu"
"Brake Oil","Əyləc Yağı"
"Brake Pad","Əyləc Yastığı"
"Clutch Plate","Mufta Diski"
"Engine Oil","Mühərrik Yağı"
"Oil Change","Yağ Dəyişimi"
"Inspection","Yoxlama"
"Mileage","Yürüş"
"Salary Slip Loan","Maaş Qəbzi Krediti"
"Loan Repayment Entry","Kredit Ödənişi Qeydi"
"May","May"
"June","İyun"
"July","İyul"
"Bank Remittance","Bank Köçürməsi"
"Daily Work Summary Replies","Gündəlik İş Xülasəsi Cavabları"
"Employee Advance Summary","İşçi Avans Xülasəsi"
"Employees working on a holiday","Bayramda işləyən işçilər"
"Monthly Attendance Sheet","Aylıq Davamiyyət Cədvəli"
"Salary Register","Maaş Reyestri"
"Unpaid Expense Claim","Ödənilməmiş Xərc Tələbi"
"Payment Account is mandatory","Ödəniş Hesabı məcburidir"
"If checked, the full amount will be deducted from taxable income before calculating income tax without any declaration or proof submission.","Əgər işarələnərsə, tam məbləğ gəlir vergisi hesablanmazdan əvvəl heç bir bəyannamə və ya sübut təqdim edilmədən vergi tutulan gəlirdən çıxılacaq."
"In Time","Giriş Vaxtı"
"Out Time","Çıxış Vaxtı"
"Is Recurring","Təkrarlanandır"
"HRA Exemption","HRA Azadolması"
"Monthly House Rent","Aylıq Ev Kirayəsi"
"Rented in Metro City","Metro Şəhərində Kirayələnib"
"HRA as per Salary Structure","Maaş Strukturuna əsasən HRA"
"Annual HRA Exemption","İllik HRA Azadolması"
"Monthly HRA Exemption","Aylıq HRA Azadolması"
"House Rent Payment Amount","Ev Kirayəsi Ödəniş Məbləği"
"Rented From Date","Kirayə Başlanğıc Tarixi"
"Rented To Date","Kirayə Bitiş Tarixi"
"Monthly Eligible Amount","Aylıq Uyğun Məbləğ"
"Total Eligible HRA Exemption","Cəmi Uyğun HRA Azadolması"
"Validating Employee Attendance...","İşçi Davamiyyəti Yoxlanılır..."
"Submitting Salary Slips and creating Journal Entry...","Maaş Qəbzləri təqdim edilir və Jurnal Qeydi yaradılır..."
"Calculate Payroll Working Days Based On","Maaş İş Günlərini Buna Əsasən Hesabla"
"Consider Unmarked Attendance As","Qeyd Edilməmiş Davamiyyəti Belə Nəzərə Al"
"Fraction of Daily Salary for Half Day","Yarım Gün Üçün Günlük Maaşın Hissəsi"
"Component Type","Komponent Növü"
"Provident Fund","Ehtiyat Fondu"
"Additional Provident Fund","Əlavə Ehtiyat Fondu"
"Provident Fund Loan","Ehtiyat Fondu Krediti"
"Professional Tax","Peşə Vergisi"
"Is Income Tax Component","Gəlir Vergisi Komponentidir"
"Component properties and references","Komponent xüsusiyyətləri və istinadlar"
"Additional Salary","Əlavə Maaş"
"Unmarked days","Qeyd edilməmiş günlər"
"Absent Days","Qayıb Günləri"
"Conditions and Formula variable and example","Şərtlər və Düstur dəyişəni və nümunə"
"Income Tax Deductions","Gəlir Vergisi Tutulmaları"
"Income Tax Component","Gəlir Vergisi Komponenti"
"Income Tax Amount","Gəlir Vergisi Məbləği"
"Unmarked Days","Qeyd Edilməmiş Günlər"
"Jan","Yan"
"Feb","Fev"
"Mar","Mar"
"Apr","Apr"
"Aug","Avq"
"Sep","Sen"
"Oct","Okt"
"Nov","Noy"
"Dec","Dek"
"Summarized View","Xülasə Görünüşü"
"Professional Tax Deductions","Peşə Vergisi Tutulmaları"
"Provident Fund Deductions","Ehtiyat Fondu Tutulmaları"
"Recruitment Analytics","İşə Qəbul Analitikası"
"Applicant name","Müraciət Edənin Adı"
"Job Offer status","İş Təklifi Statusu"
"On Date","Tarixində"
"Salary Payments Based On Payment Mode","Ödəniş Rejiminə Əsaslanan Maaş Ödənişləri"
"Salary Payments via ECS","ECS vasitəsilə Maaş Ödənişləri"
"Account No","Hesab Nömrəsi"
"IFSC","IFSC"
"MICR","MICR"
"PF Account","PF Hesabı"
"PF Amount","PF Məbləği"
"Additional PF","Əlavə PF"
"PF Loan","PF Krediti"
"Duplicate Entry","Təkrar Qeyd"
"Please select Employee first.","Zəhmət olmasa əvvəlcə İşçini seçin."
"To Date should be greater than From Date","Bitiş Tarixi Başlanğıc Tarixindən böyük olmalıdır"
"Job Offer: {0} is already for Job Applicant: {1}","İş Təklifi: {0} artıq İşə Müraciət Edən: {1} üçündür"
"Only Shift Request with status 'Approved' and 'Rejected' can be submitted","Yalnız 'Təsdiqləndi' və 'İmtina edildi' statuslu Növbə Sorğusu təqdim edilə bilər"
"Shift Assignment: {0} created for Employee: {1}","Növbə Təyinatı: {1} İşçisi üçün {0} yaradıldı"
"You can not request for your Default Shift: {0}","Varsayılan Növbəniz üçün sorğu verə bilməzsiniz: {0}"
"Only Approvers can Approve this Request.","Bu Sorğunu yalnız Təsdiqləyicilər təsdiq edə bilər."
"Please set Payroll based on in Payroll settings","Zəhmət olmasa Maaş parametrlərində Maaş əsasını təyin edin"
"Additional Salary: {0} already exist for Salary Component: {1} for period {2} and {3}","Əlavə Maaş: {0} artıq {2} və {3} dövrü üçün Maaş Komponenti: {1} üzrə mövcuddur"
"Payroll date can not be less than employee's joining date.","Maaş tarixi işçinin işə qəbul tarixindən az ola bilməz."
"From date can not be less than employee's joining date.","Başlanğıc tarixi işçinin işə qəbul tarixindən az ola bilməz."
"To date can not be greater than employee's relieving date.","Bitiş tarixi işçinin işdən çıxma tarixindən böyük ola bilməz."
"Payroll date can not be greater than employee's relieving date.","Maaş tarixi işçinin işdən çıxma tarixindən böyük ola bilməz."
"Condition and formula","Şərt və düstur"
"Available Leaves","Mövcud Məzuniyyətlər"
"IFSC Code","IFSC Kodu"
"Others","Digərləri"
"Total Allocated Leaves","Cəmi Təyin Edilmiş Məzuniyyətlər"
"Used Leaves","İstifadə Olunmuş Məzuniyyətlər"
"PAN Number","PAN Nömrəsi"
"Expired Leaves","Müddəti Bitmiş Məzuniyyətlər"
